<beans:beans xmlns="http://www.springframework.org/schema/security"
	xmlns:beans="http://www.springframework.org/schema/beans" 
	xmlns:xsi="http://www.w3.org/2001/XMLSchema-instance"
	xsi:schemaLocation="http://www.springframework.org/schema/beans
	http://www.springframework.org/schema/beans/spring-beans-3.1.xsd
	http://www.springframework.org/schema/security
	http://www.springframework.org/schema/security/spring-security-3.1.xsd">
	<http auto-config="true">
	<intercept-url pattern="/loginpage" access="IS_AUTHENTICATED_ANONYMOUSLY"/>
	<intercept-url pattern="/loginfailure" access="IS_AUTHENTICATED_ANONYMOUSLY"/>
	<intercept-url pattern="/*" access="ROLE_USER,ROLE_MAKER"/>
	<form-login login-page="loginpage" always-use-default-target="true" default-target-url="/role"  authentication-failure-url="/loginfailure"/>
	<access-denied-handler error-page="/noaccess"/>
	<!-- <http-basic/> -->
	</http>
	<beans:bean id="bcrypt" class="org.springframework.security.crypto.bcrypt.BCryptPasswordEncoder"/>
	<authentication-manager>
	<authentication-provider>
	<password-encoder ref="bcrypt"/>
	<!-- <jdbc-user-service data-source-ref="ds"/> -->
	<user-service>	
	<user name="u1" password="$2a$10$ecVH.HYEbcuQzlunvkUJgO39acSKc7A8/ERxHVyaH4c6sGY9/R8he" authorities="ROLE_USER"/>
	<user name="u2" password="p2" authorities="ROLE_CHECKER"/>
		
	</user-service>
	</authentication-provider>
	</authentication-manager>
	</beans:beans>