<beans:beans xmlns="http://www.springframework.org/schema/security"
	xmlns:beans="http://www.springframework.org/schema/beans" 
	xmlns:xsi="http://www.w3.org/2001/XMLSchema-instance"
	xsi:schemaLocation="http://www.springframework.org/schema/beans
	http://www.springframework.org/schema/beans/spring-beans-3.1.xsd
	http://www.springframework.org/schema/security
	http://www.springframework.org/schema/security/spring-security-3.1.xsd">
	 <beans:import resource="dispatcher-servlet.xml"/> 
	
	<!-- <beans:bean id="datasource" class="org.springframework.jdbc.datasource.DriverManagerDataSource">
    <property name="username" value="sh"></property>
    <property name="password" value="sh"></property>
    <property name="url" value="jdbc:oracle:thin:@10.1.50.198:1521:orcl"></property>
    <property name="driverClassName" value="oracle.jdbc.driver.OracleDriver"></property>
    </beans:bean>
    
    <beans:bean id="jdbcTemplate" class="org.springframework.jdbc.core.JdbcTemplate">
    <property name="dataSource" ref="datasource"></property>
    </beans:bean> -->
	
	<http auto-config="true">
	<intercept-url pattern="/loginpage" access="IS_AUTHENTICATED_ANONYMOUSLY"/>
	<intercept-url pattern="loginfailure" access="IS_AUTHENTICATED_ANONYMOUSLY"/>
	<intercept-url pattern="/*" access="ROLE_USER,ROLE_ADMIN"/> 
	<form-login login-page="/loginpage" always-use-default-target="true" default-target-url="/menu" authentication-failure-url="/loginfailure"/>
	
	
	<!-- enable remember me -->
    <!-- <remember-me 
        token-validity-seconds="1209600"
	remember-me-parameter="remember-me" 
	data-source-ref="dataSource" /> -->
	
	
	
	</http>
	
	<beans:bean id="bcrypt" class="org.springframework.security.crypto.bcrypt.BCryptPasswordEncoder" />

	
	<authentication-manager>
	<authentication-provider>
	<password-encoder ref="bcrypt"/>
	
	<jdbc-user-service data-source-ref="ds" users-by-username-query="SELECT username,password, enabled FROM FinalBRDUser WHERE username=?" authorities-by-username-query="SELECT username, role FROM FinalBRDUser WHERE username=?"/>
<!-- 	<user-service>
	<user name="u1" password="p1" authorities="ROLE_USER"/>
	<user name="u2" password="p2" authorities="ROLE_ADMIN"/>
	<user name="u3" password="p3" authorities="ROLE_USER,ROLE_ADMIN"/> 
	
	</user-service> -->
	 
    
	</authentication-provider>
	
	</authentication-manager>
	<!-- <beans:bean id="datasource" class="org.springframework.jdbc.datasource.DriverManagerDataSource">
    <beans:property name="username" value="sh"></beans:property>
    <beans:property name="password" value="sh"></beans:property>
    <beans:property name="url" value="jdbc:oracle:thin:@10.1.50.198:1521:orcl"></beans:property>
    <beans:property name="driverClassName" value="oracle.jdbc.driver.OracleDriver"></beans:property>
    </beans:bean> -->
	
	
	</beans:beans>