<?xml version = "1.0" encoding = "UTF-8"?>
<beans xmlns = "http://www.springframework.org/schema/beans"
   xmlns:xsi="http://www.w3.org/2001/XMLSchema-instance"
xmlns:util="http://www.springframework.org/schema/util"
xsi:schemaLocation="http://www.springframework.org/schema/beans
                    http://www.springframework.org/schema/beans/spring-beans-3.0.xsd
                    http://www.springframework.org/schema/util
                    http://www.springframework.org/schema/util/spring-util-2.5.xsd">
  
   
   
   <bean id="c2" class="com.nucleus.Customer" scope="singleton">
   <property name="custid" value="10"/>
   <property name="custname" value="abc"/>
   <!-- <property name="adr" ref="adr1"/> -->
   <property name="adrList">
   <util:list id="myList" value-type="com.nucleus.Address" list-class="java.util.LinkedList">
   <ref bean="adr1"/>
   <ref bean="adr2"/>
   </util:list>
   </property> 
   </bean>
   
   <bean id="adr1" class="com.nucleus.Address">
   <property name="city" value="Noida"/>
   <property name="country" value="India"/>
   <property name="landmark">
   <list>
   <value>Near yamnuna sports complex</value>
   <value>Near sukhdev college</value>
   </list>
   </property>
   </bean>
   <bean id="adr2" class="com.nucleus.Address">
   <property name="city" value="New Delhi"/>
   <property name="country" value="India"/>
   <property name="landmark">
   <list>
   <value>Near hanuman mandir</value>
   <value>Near main market</value>
   </list>
   </property>
   </bean>
   
   
   <!-- <bean id="c3" class="com.nucleus.Customer">
   <constructor-arg value="101"/>
   <constructor-arg value="xyz"/>
   <property name="custname" value="abc"/>
   </bean> -->
   </beans>