<?xml version="1.0" encoding="utf-8"?>
<!DOCTYPE hibernate-configuration PUBLIC
"-//Hibernate/Hibernate Configuration DTD 3.0//EN"
"http://hibernate.sourceforge.net/hibernate-configuration-3.0.dtd">
<hibernate-configuration>
 <session-factory>
  <property name="hibernate.connection.driver_class">oracle.jdbc.driver.OracleDriver</property>
  <property name="hibernate.connection.url">jdbc:oracle:thin:@10.1.50.198:1521:ORCL</property>
  <property name="hibernate.connection.username">sh</property>
  <property name="hibernate.connection.password">sh</property>
  <property name="hibernate.dialect">org.hibernate.dialect.Oracle10gDialect</property>
  <property name="hbm2ddl.auto">create</property>
  <property name="show_sql">true</property>
<!--   <mapping class="com.hibernatedemo.p1.Student"/> -->

<!-- <mapping class="com.hibernatedemo.p3.entity.Address"/> -->
<mapping class="com.hibernatedemo.p3.entity.Student"/>


  <!-- <mapping resource="abc.hbm.xml"/> -->
</session-factory>
</hibernate-configuration>